id,name
1,"インタフェース定義書_IFKJC02OP_協会入会データ.xlsx"
2,"インタフェース定義書_IFKJC03OP_技検8級応募データ.xlsx"
3,"インタフェース定義書_IFKJC04OP_代理部オーダー.xlsx"
4,"インタフェース定義書_IFKJC05OP_写真展スクーリングデータ.xlsx"
5,"インタフェース定義書_IFKJC06OP_総合美術展オーダー情報.xlsx"
6,"インタフェース定義書_IFKJC07OP_囲碁研究オーダー情報.xlsx"
7,"インタフェース定義書_IFKJC08OP_水墨画オーダー情報.xlsx"
8,"インタフェース定義書_IFKJC09OP_水墨画展覧会オーダー情報.xlsx"
9,"インタフェース定義書_IFKJC11OP_ホスト⇒パーソナル添削システム（受講生データ）.xlsx"
10,"インタフェース定義書_IFKJC12OP_ホスト⇒パーソナル添削システム（オーダーステータスデータ）.xlsx"
11,"インタフェース定義書_IFKJC13OP_パーソナル冊子伝送データ（大日本同送）.xlsx"
12,"インタフェース定義書_IFKJC15OP_パーソナル冊子伝送データ（大日本単独）.xlsx"
13,"インタフェース定義書_IFKJC19OP_パーソナル冊子伝送データ（トッパン同送）.xlsx"
14,"インタフェース定義書_IFKJC20OP_パーソナル冊子伝送データ（トッパン単独）.xlsx"
