id,file_path_id,sheet_name,filter_id,func_name
1,"2","フレキシビリティ検討","1","フレキシビリティ検討"
2,"68","Excel-diff","11","excel-diff"
3,"2","統計機能検討のInput","2","統計機能検討のInput"
4,"2","名簿抽出・顧客DB機能検討のInput","3","名簿抽出・顧客DB機能検討のInput"
5,"2","外部I F検討のInput","4","外部I F検討のInput"
6,"2","システム間I Fの検討のInput","5","システム間I Fの検討のInput"
7,"2","内部帳票検討のInput","6","内部帳票検討のInput"
8,"5","ドメイン定義書","7","メイン定義書表示1"
9,"6","ドメイン定義書","7","メイン定義書表示2"
10,"9","ドメイン定義書","7","メイン定義書表示3"
11,"7","オンラインメッセージ定義書","8","オンラインメッセージ定義書表示"
12,"8","バッチメッセージ定義書","8","バッチメッセージ定義書表示"
13,"9","バッチメッセージ定義書","8","バッチメッセージ定義書表示"
14,"10","業務一覧_基幹共通","8","業務一覧表示"
15,"11","Sheet1","9","変更要件一覧表示"
16,"12","Sheet1","10","機能一覧表示"
17,"13","レビュー記録表","11","レビュー記録票"
18,"15","エンティティ一覧","11","現行全カラム一覧"
19,"16","メンバーリスト","11","基幹メーリングリスト"
20,"17","機能一覧","11","機能一覧(サブシステム)リスト"
21,"18","バッチ一覧","11","バッチ一覧(サブシステム)リスト"
22,"20","Sheet1","11","データＮＯ"
23,"21","ドメイン定義書","11","ドメイン定義"
24,"22","OUTPUT一覧","11","アウトプット"
25,"23","成果物進捗管理表_レビュー向け","11","成果物進捗管理表"
26,"24","インターフェース一覧整理_（データNO連携）","11","インタフェース(データＮＯ連携)"
27,"25","インターフェース一覧整理_（データ連携）","11","インタフェース(データ連携)"
28,"26","インターフェース一覧整理_（帳票連携）","11","インタフェース(帳票連携)"
29,"27","インターフェース一覧整理_（社外向け連携）","11","インタフェース(社外向け連携)"
30,"28","汎用コードマスタ（ヘッダ）","11","汎用コードマスタ（ヘッダ）"
31,"29","汎用コードマスタ（明細）","11","汎用コードマスタ（明細）"
32,"30","【削除】汎用コードマスタ（ヘッダ）","11","汎用コードマスタ（ヘッダ）【削除】"
33,"29","【削除】汎用コードマスタ（明細）","11","汎用コードマスタ（明細）【削除】"
34,"31","全カラム一覧","11","全カラム一覧"
35,"32","インプット一覧（新基幹）","11","インプット一覧"
36,"33","インタフェース一覧","11","インタ･フェース一覧[基幹共通]"
37,"34","集信","11","HULFT情報一覧(集信)"
38,"35","配信","11","HULFT情報一覧(配信)"
39,"36","【ファイル一覧】","11","HULFT情報管理"
40,"37","レビュー記録表","11","お客様レビュー記録"
41,"38","","11","材発状態遷移"
42,"39","基幹再構築課題管理","11","内部課題管理"
43,"40","KJA","11","機能一覧[リストオーダー共通]"
44,"40","KJB","11","機能一覧[勧誘ＤＭ]"
45,"40","KJC","11","機能一覧[商品･材発]"
46,"40","KJD","11","機能一覧[請求入金]"
47,"40","KJE","11","機能一覧[変更データ]"
48,"40","KJZ","11","機能一覧[基幹システム共通]"
49,"41","課題事項","11","基幹再構築課題一覧"
50,"42","ＩＣＳ−ＯＣＳ","11","ＩＣＳ−ＯＣＳマトリックス"
51,"43","共通モジュール一覧","11","共通モジュール一覧(検討)"
52,"44","共通モジュール一覧","11","共通モジュール一覧"
53,"47","V4.2 レビュー記録表","11","お客様レビュー記録[v4.2]"
54,"54","日次更新トラン","11","ココチモ日次更新トラン仕様"
55,"59","ココチモ機能一覧","11","ココチモ機能一覧"
56,"60","機能一覧(基幹システム共通)","11","機能一覧(基幹システム共通)"
57,"65","機能一覧(共通部品)","11","機能一覧(共通部品)"
58,"60","機能一覧(ＬＯ共通)","11","機能一覧(ＬＯ共通)"
59,"60","機能一覧(商品材発)","11","機能一覧(商品材発)"
60,"60","機能一覧(勧誘ＤＭ)","11","機能一覧(勧誘ＤＭ)"
61,"60","機能一覧(請求入金)","11","機能一覧(請求入金)"
62,"60","機能一覧(変更データ管理)","11","機能一覧(変更データ管理)"
63,"64","機能一覧(サブシステム)","11","機能一覧(サブシステム)"
64,"66","エンティティ一覧","11","エンティティ一覧(基幹参照)"
65,"67","レビュー記録","11","レビュー記録(外部設計)[V5.0]"
66,"69","処理手順書","11","ジョブネット"
67,"71","取引履歴(勘定系)","11","勘定系ＤＢ"
68,"72","レビュー記録","11","レビュー記録(外部設計)[V5.0]-ucan"
